"Genes","B_memory","B_naive","DC_cell","HCC_cell_lines","M1_IFNg","M1_IFNg_TNF","M1_LPS","M2_IL4_Dex","M2a","M2c","naive_CD4_T","naive_CD8_T","NK_cell","Th1","Th2","Treg","memory_CD8_Tcell"
"RAI1",7.050210425,6.192426586,8.893120528,9.378878693,8.709150057,6.933000058,7.633246917,8.616901362,8.372972145,8.648065094,8.840460386,7.533667181,9.079933697,8.183407481,9.53094898,4.438190178,7.308352442
"ZNF697",7.927239163,3.558437596,8.626183867,7.572554041,9.664248866,8.945496699,10.20099862,9.458351838,10.15725128,7.184554263,5.154645554,3.515272544,4.610892322,4.354376282,8.529076417,4.007833404,3.608149986
"CNKSR2",4.391043427,8.423712604,3.198295757,4.175765628,2.936230089,3.240518211,3.259792265,2.812030981,2.788352863,3.421684985,7.516889835,5.297706809,3.599595384,5.035585742,6.981151818,4.388036279,3.090642561
"PTBP2",6.559440538,9.512120108,6.885566024,8.034873117,4.512360706,4.932277362,6.042941364,7.139855171,6.038834565,7.370877885,8.563460641,7.412631806,7.924010998,7.339397072,8.436622507,5.501242675,7.959169711
"B3GNT5",3.734786203,4.174100095,10.77429923,6.882428757,8.324888436,8.982331459,10.77312179,9.848562058,9.860913459,9.525239396,4.487506216,3.609975109,6.278711057,3.802775011,10.46603394,8.894647656,4.257676611
"ADGRA3",3.125236637,3.382934166,3.480171796,9.201496322,3.774526231,3.524679109,5.178732601,4.484622698,3.86823887,3.332293392,5.813113472,3.301619179,5.687871125,4.524241139,8.822106581,3.839519915,2.902963033
"PAXBP1",7.027394024,8.673823437,8.314211381,9.19811397,7.024300225,6.685429457,7.618562617,9.469348274,8.002637401,9.061211099,9.789441557,7.472012708,8.893160391,9.28066664,10.32790133,7.005870341,7.454360921
"SLC8A1",3.259143565,3.676251215,7.227984284,3.334613617,10.41186189,7.301003822,9.955709132,5.803270173,8.810218788,10.64856894,3.591583481,3.113538258,3.800306987,3.180773613,5.518779056,3.209932865,2.869482162
"LTB",9.619892234,11.27579513,6.438918291,6.252862422,8.156372183,6.221498678,7.803407006,6.323764502,6.082760405,7.736813495,12.42239598,11.17741684,9.373081552,12.34609046,7.620433557,9.635642162,9.77134514
"SNAI3",4.749035675,4.30205108,6.191554198,4.377371615,6.858823746,5.924827321,5.588074853,8.071823904,8.483128201,5.127778173,4.495920519,4.429067863,6.412279499,5.962096428,4.50158452,4.826763587,4.998075723
"NCALD",4.688902507,3.585734206,4.145682373,4.750640863,4.470825957,5.00214039,4.143809398,3.967620673,4.598617703,4.452313031,5.064099267,5.668216511,8.557752025,9.372913674,5.449418962,4.072515829,7.211223583
"PAFAH1B1",11.58341677,10.09439864,9.998038331,8.932649493,9.376003456,9.983155653,9.897416702,9.17241748,9.063599088,10.12041392,8.178985923,11.11620942,8.868377836,10.05359027,9.143749671,11.0639409,11.32004584
"SH3BP5",11.11614521,11.20216719,9.787545984,6.531359559,11.34375116,11.44557007,11.57055272,10.08448714,11.25814329,8.988000396,9.544471348,10.08383066,11.13230778,10.46041992,7.420165462,9.453600669,10.87601593
"CTSH",11.78139189,9.51096826,11.6494991,8.430746981,12.10653464,12.58199198,11.92954094,12.3500118,12.0880837,12.07173529,5.045912637,6.935907258,6.139565352,9.216045581,5.546819835,5.842668884,7.415422824
"SELL",10.11499299,11.35745191,5.877455795,3.848174023,7.150017469,6.46124016,5.560825409,4.861278652,4.603606554,8.250251473,12.32381175,11.47515201,11.57341711,11.62640693,8.655395492,9.325631411,9.611650884
"PTPN14",3.651333766,3.509532473,3.932337748,8.760658441,4.060898846,4.755816705,3.670185766,3.738694126,3.796928633,3.789937085,4.742459101,4.379619376,5.103555092,5.970487201,11.37757924,3.483244781,3.566311221
"CD27",9.112908012,5.831380005,5.875964305,5.485993539,7.099955424,6.203692235,6.209256835,6.179873981,6.195822212,6.997488423,10.87900679,9.861779613,6.851979307,10.37971469,7.775650269,9.629478594,8.915310142
"TXK",3.520957843,4.476445718,4.978198502,3.510848574,4.967504557,4.047229154,4.047445159,4.679416397,3.867706521,6.089647412,10.3175391,9.803499211,10.40513139,7.54163935,3.994835534,4.317120362,5.492224159
"MUC1",8.163062687,6.275877574,7.856551371,6.42661035,7.720364079,8.530071094,6.331001551,7.339857159,6.558313307,8.003881901,6.545839224,7.029482677,6.446384639,8.32361649,7.297142449,6.338759176,6.834498962
"FLOT1",10.07754759,8.421035824,9.471729173,10.39324525,9.272133551,11.32509811,8.996062533,10.46006058,9.086105362,11.3641985,9.009281378,9.395328164,9.699139458,10.79932003,8.227337066,8.454427642,9.817718546
"ENPP2",4.847530098,4.992558014,7.001107462,5.969855039,8.893058891,5.169672387,5.882411064,6.869365953,7.423411963,12.89389176,5.128242408,3.973199485,4.052452183,7.018341895,3.073294483,3.345051278,2.644280199
"GATA3",4.211228449,4.435466646,5.936021561,6.025890735,6.378976094,5.860611017,5.102120684,4.353241816,4.584403575,5.695604079,10.46568633,8.067439302,11.46253971,11.38892142,12.74589942,9.451328206,9.951209461
"PLA2G4A",3.470754665,3.007936989,5.917394437,3.212890645,8.83704449,8.376333625,8.662456694,7.250936643,7.398783503,8.543917764,2.760061105,2.952317408,3.490104224,3.137308519,9.553955911,3.439487446,2.892112374
"SBNO1",7.424589605,10.45645079,8.205998878,8.538776743,6.191859735,6.76199624,6.757507718,8.485209847,8.019374843,8.775372216,9.129181821,7.846406516,8.391472885,7.906260859,8.855070398,7.201980638,7.464974031
"TRPS1",5.506358594,6.597095259,7.283820285,4.473590661,7.446212428,6.647477085,6.634717094,8.77267237,7.423387964,8.528480404,7.535086611,5.514771898,7.203555445,7.311841669,5.049363506,5.775705257,5.882794265
"FBXO2",6.368332264,5.859879959,5.491591868,7.362527451,6.252681982,5.862357645,5.469836757,6.106426754,5.769981401,6.021022057,5.935451127,6.484201635,6.190731398,6.540635612,5.670784476,6.056161315,6.501279779
"PDE7B",3.2237465,6.208288,4.805311,4.331534,3.971725,4.200816,4.266204,3.987376,4.388986,4.582667,5.7579305,3.129165,4.5647405,4.396714,9.583416,3.885684,2.897338
"AHI1",5.4410945,8.903602,7.27303,7.377908,6.530495,5.7854515,7.6122725,6.603357,6.524066,6.2358525,6.6887685,6.258735,6.20665,8.03303,10.63005,5.0473265,6.236427
"ABHD6",7.3065475,7.187622,9.687797,7.039996,7.704322,4.8561085,9.02555,8.476947,9.5667355,7.779843,5.266891,5.186076,6.0313335,6.281419,8.756588,6.6076775,5.791598
"CEP85L",7.4430845,10.09734,6.534468,6.360983,6.609679,5.5726805,8.869471,6.754082,7.596098,9.4036195,10.87705,9.405513,10.23621,9.053462,10.25711,6.558689,9.555729
"GATA3-AS1",3.4701005,3.16594,3.458374,3.367987,3.437126,3.2680745,3.39733,3.267426,3.19243,3.221418,2.8693365,3.549635,3.038435,3.245884,6.935337,4.774428,3.3545545
"SH2D1B",3.104714574,3.255964922,4.046789923,3.30496363,3.644218352,3.705842622,3.627291755,3.293498807,3.604920947,3.834881605,4.286999127,2.966594274,11.82184828,3.298441282,7.402680493,3.571488124,2.9957439
"CD8B",4.182297752,4.273955404,5.550657651,5.552953841,5.785464684,6.094055192,5.851668137,5.53065622,5.808230606,5.556018585,6.144730866,11.14898401,6.111553676,5.787792285,5.588317985,5.294245906,9.774337281
"ND6",13.69244367,12.96359669,8.597302563,8.758192983,8.643993809,7.399428623,8.343537135,7.377802831,8.056611783,8.368796866,8.919752439,13.27372098,8.103894546,7.774498305,8.747062523,10.96430352,13.31740385
"CELF1",11.23525723,10.13475176,6.83397444,8.193828328,7.169160504,7.267897766,7.149926488,6.439759357,6.164306056,6.711030978,6.302129667,12.23242084,6.312009306,6.86467564,7.233441616,11.32177089,12.12327089
"IGFBP7",5.826582065,5.346177037,7.109934332,8.146088193,7.426882956,7.282352313,7.249788625,8.189180361,8.075400071,8.790325127,6.378943195,5.710928079,10.56286156,6.201436032,5.988760321,5.832287245,5.658317087
"FAM217A",5.381548533,5.281779204,2.898697961,2.929642464,3.204305128,3.254999841,3.07260794,2.915402214,3.149181295,2.923082448,3.349961917,7.368621572,3.224553621,2.930835423,3.073692889,6.388713533,7.621495023
"MLLT10",8.712968618,6.154059646,5.031022707,4.251769626,4.391799032,4.520046183,4.92776259,4.744327297,4.623662297,5.146256519,4.604759228,8.672444384,4.010274534,4.222801167,4.359339407,9.338648734,9.845928832
"AHNAK",10.89991724,6.204892537,5.356253943,5.003180692,6.592320436,5.98470868,4.949138767,5.829301372,5.438879498,5.391102336,5.350665193,10.40251359,5.894693155,5.020037712,5.163043276,8.211271775,12.37223013
"HOPX",6.475002421,8.290708254,9.922724995,4.39646876,6.369875498,6.137466986,6.795315996,5.611534657,8.264046552,5.805330768,5.145200462,3.67010439,12.90012842,12.21062162,9.536934264,5.745890004,9.673559292
"C16orf72",9.408103136,5.914023367,4.26745391,4.291785268,4.409993067,4.220547874,4.453007394,3.829651695,3.985517827,4.258423143,3.867746422,9.732535149,4.165344078,4.222037576,4.176263887,10.84737298,9.991276222
"RPLP2",13.11159199,13.73152806,6.378265615,6.388982113,6.13162007,5.959617835,6.751737089,6.538686664,6.745009844,7.321028976,8.521148122,14.05684694,5.508946128,6.120254347,6.012959409,13.78278188,14.05862847
"VAMP2",9.954264829,9.887454969,5.823656585,5.773921989,6.22570276,7.075301081,6.182193466,7.247138454,5.226811226,7.985209739,7.44283085,11.4868322,7.476701824,6.990565945,7.730586291,9.837790166,11.49250635
"ATXN2L",9.279972943,5.211718376,3.332349535,3.374665261,2.994116391,3.030610469,3.241774185,2.964500242,3.157483809,2.924320095,3.114427421,10.20526048,3.234431194,3.270257347,3.385307766,9.960723027,10.04008999
"RPS19",13.22774096,13.69263839,6.957261252,6.830461466,7.190160118,6.887541747,7.352206975,7.165772987,7.043758048,8.353629463,8.94502287,13.20420203,6.42190913,6.940710306,6.467242664,13.29568411,13.24827576
"EEF1D",13.65289899,13.11092014,5.274210192,5.687807746,5.508632061,5.496880697,5.628071167,6.066003772,4.977314903,7.805483333,8.996447265,13.43714504,6.047201047,5.395989973,5.911233664,13.39532741,13.41544373
"CCL4",9.626073905,5.708779031,9.908160954,5.359332548,10.14179513,14.38839588,14.41227573,8.303979415,12.21373715,9.722243211,7.090580853,5.186080573,12.31488669,12.37221044,12.10788977,9.561461277,10.73932696
"MAP3K8",7.678336368,9.245426101,9.757339474,6.342746476,7.045888139,10.03638817,11.6507015,10.35371756,7.11426807,10.51799032,4.363423449,3.101476925,10.86886402,8.657362044,8.138729031,7.479009032,7.135834914
"MAX",10.59656102,7.834643514,6.556333423,6.779971323,8.860626644,7.049671239,7.502195206,7.938115553,6.939370438,7.35961844,6.487604015,11.81450258,7.826586654,7.942237774,7.58524854,12.16154344,11.46537579
"BOLA2",10.95748039,10.6136021,5.134543623,5.103314905,4.656210884,3.894383099,5.867603249,4.633387686,4.670435001,6.113620624,6.364407057,11.27495722,5.326447844,5.211959261,5.459889244,11.74652033,11.32484191
"LOC100288069",9.19117123,7.512454709,5.735499203,5.737379187,6.617100271,6.087749644,5.712441742,5.283029092,5.500193243,5.574627041,5.339788566,10.67416155,5.68615331,5.622112116,5.377879183,7.970515429,10.40925982
"FAM102A",8.161720661,5.796236975,4.999583195,4.366353188,5.267849074,4.451010695,5.281745491,4.854727318,5.462738576,4.569004413,3.766303434,10.90717838,3.829124227,4.49591937,4.530635206,9.099283289,8.71239266
"NKG7",6.387690211,4.725106489,4.597625327,4.147591847,6.685077076,8.510093906,6.001349079,4.786596025,5.375303118,5.687272092,4.801853629,6.431278458,12.99973519,10.68144387,10.60661544,6.596322737,13.0207382
"POLR2J4",10.03282347,7.511449904,6.271033683,5.939148581,6.039538822,6.606589824,5.876261066,5.946004936,6.176605255,6.506170187,6.047109763,11.26072562,6.359050918,6.088691028,6.533290764,8.157482689,11.49377707
"PRDM1",10.18937264,4.967860026,7.084569747,6.050291632,7.223693968,8.894563663,7.307429861,6.769862204,6.565479334,7.082581102,5.930492801,5.223492657,7.575188229,7.765712211,8.2034689,11.57612674,10.42687475
"C7orf26",7.54725473,6.129530057,3.952832775,3.831573919,4.044810481,4.222832375,3.967791494,3.753289195,4.369702638,3.912588171,4.004603497,9.317506387,4.093441804,3.99243557,3.79489189,9.887775069,9.341606465
"CCNK",10.51698741,7.555942329,5.304481233,5.100455932,5.358062309,5.116499345,5.182536079,4.858585106,5.066817461,5.059740506,4.842026046,10.62515748,5.079384336,4.72907984,4.683676941,11.24071947,11.02924776
"C1orf56",9.428593,6.958949,4.740883,4.273431,4.482388,4.559866,4.601842,4.242565,4.188173,4.4844665,4.5676665,10.56197,4.39462,4.229353,4.152905,8.155146,10.28255
"TMEFF2",13.95189,13.15163,7.221853,6.226777,5.317605,6.521846,8.0360375,6.964292,6.9616755,8.9544205,9.8108685,14.06274,6.404586,6.303371,7.008689,14.033795,14.143535
"ANKRD19P",10.67575,10.96227,6.400345,6.424137,6.268295,6.3370365,6.6726595,6.265723,6.6362485,6.908553,6.724139,11.17467,6.414974,6.22368,5.929103,10.889065,10.88739
"DEFB106A",4.037525075,4.136234138,7.308590827,6.392322741,7.129290443,8.41030262,7.283080499,6.620941186,7.335311831,7.052063544,9.201365395,4.775761182,7.640487271,5.946782669,6.173716434,4.912478962,4.40012008
"NIPA1",9.579323355,5.59955627,5.965023322,5.978614947,5.214397804,5.604069882,6.106952231,5.686437951,5.624159486,5.112862373,4.531948499,7.62093434,4.936815479,5.983445566,5.838717688,12.31845762,8.076013026
"CACNG6",3.29770916,3.245740121,7.155798251,6.531355509,7.190345188,8.139098136,6.709591659,6.693361013,7.392009868,6.856861127,7.835858372,3.597838372,7.121311547,6.508065306,6.110900031,3.809258881,3.425043289
"RUFY2",10.28184669,9.005262302,5.472563069,5.670212136,4.2700775,3.993957825,5.434810596,4.593315707,4.506224565,5.727996796,6.209600072,10.09329148,5.305134468,4.672123367,5.188833557,10.10346673,9.799424745
"UHRF1BP1L",7.464609978,5.926854311,4.60112258,5.215573137,5.382535561,4.729054927,5.539335711,4.866302792,4.692793383,4.837767138,3.432498289,6.963951477,4.713837505,5.192502814,4.955774761,10.67494712,8.012247657
"SLC16A1",8.39712086,5.190848848,4.813088185,7.245364664,7.095183559,5.256364186,5.75308753,5.498122415,5.402789315,4.82516424,5.579830403,7.066592767,5.607341454,6.438896885,6.074763546,12.24644959,7.703699242
"TXLNG",8.018809055,7.424702134,4.805015169,6.790566218,4.881600388,4.750389078,4.807786087,5.14000975,4.767190562,4.760826009,4.631413179,8.999433395,5.426211595,5.471203181,5.469464517,10.81630334,9.045286288
"ARID5B",9.237426665,5.089556007,4.501339732,4.206226544,4.53521237,5.020884728,4.12488229,4.829859462,4.524611671,4.005933976,4.302593031,6.487556558,4.269398004,4.32424446,4.343160292,11.33283114,8.802348483
"PCNX4",6.619858499,5.519614675,4.250405295,4.345846802,4.577485523,4.058580192,5.184189393,4.229932309,5.071172646,4.108290368,3.601956732,8.735782121,3.959759164,4.554482056,4.660600021,10.56748883,8.629404885
"MAF",4.306905493,4.520915755,7.626546142,3.950348052,8.137203943,3.296858825,7.227291512,7.167453022,8.089663652,9.632157599,3.21914007,4.067030989,7.036288844,7.519760865,7.367423909,11.37070064,10.9478112
"RAB7A",11.6614153,8.014600418,6.344109778,5.977958107,7.241198096,6.974216293,6.624377235,6.536489832,6.550521581,6.745180517,6.599817824,10.68697201,5.779020057,5.64787163,5.702731908,11.95280772,10.596962
"ARHGDIA",9.873184492,6.455735662,6.638770239,6.475114413,7.681444454,7.248872556,6.592222195,6.224961171,6.560907328,7.445920138,3.632107277,10.07238653,7.263165833,6.176157623,6.724958746,12.22035271,10.7764295
"PRNP",7.125565873,5.515913454,7.183334382,7.808628438,8.41666434,8.053559262,8.827059386,9.327087999,8.10496359,7.661361175,6.501550667,7.691636051,7.926134611,7.572270411,8.397614568,12.14011854,8.270338805
"AZIN1",9.526943949,7.256447815,5.697184202,6.073138594,6.344684885,5.883897749,6.248755878,5.337812815,5.582904268,5.186819305,4.746698926,9.278233201,5.118418205,6.760764985,6.180156425,10.56211264,9.377003284
"DHX9",10.84713564,8.550646282,5.087739338,6.729500762,6.701614291,5.193730675,4.822515331,4.943272178,4.376493914,5.973708094,3.897528166,11.02015961,5.848937821,6.022404401,5.643893766,11.94198765,11.09909242
"OTUD4",8.916826533,6.490214357,4.698570664,4.859498332,5.658605421,4.728396063,5.724816964,4.536308055,4.351335051,3.656382033,4.226559124,9.102963439,5.123827122,4.751986528,4.859745472,11.63460557,9.04003871
"IRF4",11.83672605,6.125994423,6.158944858,4.943484075,5.651575891,6.041131052,5.298815801,5.514071332,5.630601917,5.076254709,5.379972387,5.651476624,5.446551525,6.196479769,7.002919151,13.21541931,7.464151318
"RAB35",8.919881156,5.381836385,6.179891123,5.630213129,6.992105144,6.343302316,6.159332847,5.902493002,5.953676606,6.289739639,4.313113636,7.71292248,6.173162104,5.683776868,6.612661941,10.69177301,8.820911737
"NCOA2",8.655415803,7.419161236,4.168321842,5.470255142,6.282889135,5.022220416,4.955477585,5.198652928,5.039298358,5.026561244,4.501529295,9.045331493,5.573085084,6.155980261,5.914726919,12.30032293,9.728377514
"LSM12",9.465099635,6.873697415,7.655427583,8.518076177,7.093580524,6.461098784,7.829163388,7.151006515,7.256904083,7.349934705,5.401839816,8.59821478,7.290200814,7.987657806,7.815396583,11.20255043,9.230314703
"SENP5",9.518307663,7.048564242,7.435222074,6.655165281,6.721354685,6.235140739,8.214440442,6.15691617,6.782754702,6.446311012,4.489171296,9.541532501,5.916414628,7.019332206,6.606059844,10.36798191,9.660973912
"PHLDA1",6.073567406,4.866878904,6.704589328,7.533929554,7.37561992,6.165466382,7.347595292,6.104276079,6.398075135,5.811424222,4.602957987,5.823826788,5.618973342,7.431646696,7.520763453,13.2410087,8.041431351
"PRDM8",6.090433628,5.378280979,5.192742278,5.249629202,5.238423986,5.568458153,5.432720589,4.995880352,5.66548398,5.314862586,5.325336293,6.109559158,5.140253628,5.241325425,5.300506796,12.2014478,7.365026665
"SLC12A6",9.8216805,7.751226,5.817336,5.453855,7.692545,6.6265375,7.401962,6.260118,6.5054955,6.105204,5.2158965,10.3256,5.1891125,6.364431,6.811063,11.12996,9.2274495
"CTLA4",5.83105,5.001676,5.791874,5.786745,5.885698,6.5535535,5.8833095,5.670059,5.976798,5.9506805,6.8117505,7.152973,5.7534605,6.276435,6.293892,12.93107,7.899087
"TRAPPC9",7.5083695,6.385772,6.517216,6.142289,6.960992,6.203096,6.7626155,6.480455,7.0538715,5.983138,4.625546,7.925538,5.2976995,6.050923,6.015238,7.9675175,7.784035
"SCARNA2",7.311913,5.038762,5.078859,5.079425,5.783319,5.4723755,4.9347265,5.060805,5.007705,5.4734375,5.604126,10.56839,4.960901,5.483783,5.376467,11.88135,9.7830225
"ZFC3H1",8.690872555,11.72607296,8.872811497,8.278021923,7.757118418,7.891551434,8.049084292,9.486171023,7.847082646,9.525126715,10.15061025,9.477573442,8.461470607,9.342177902,9.959943577,7.472743257,9.156770765
"CEMIP",3.660464891,3.611811935,5.19139143,5.940748551,4.139846519,9.441443355,3.980934024,3.398371499,3.881324743,11.6002576,4.695960255,3.69458314,4.0309255,3.700113118,3.779000685,3.948942004,3.848551909
"UBA1",11.75212511,10.81073647,9.516633989,10.58937139,10.51846105,11.19263631,8.311522554,11.11299647,8.444893822,10.92563282,9.484965895,11.23111522,9.596504001,10.90459749,11.11459309,12.29857938,11.52521779
"ALOX15B",4.068201647,3.550748653,10.09991438,4.173734882,6.108520287,7.352452401,5.929392882,10.64625115,7.553010721,4.07556818,4.399199667,4.123065864,4.088559085,4.605202005,4.291858929,4.307093889,4.000984277
"SPEN",9.077501582,10.87403448,9.383625216,8.634158111,8.34508663,9.362953327,8.044704756,9.645542698,8.133398082,10.1435105,9.596079017,8.866819681,9.44482878,8.98489595,9.431619632,8.573245814,9.345039063
"CX3CR1",2.829808226,3.099416354,3.266901317,3.305051633,4.41328037,4.164501059,5.100026885,3.400403778,3.596582282,12.10688292,4.721124961,2.862865014,12.37796679,8.057382213,3.946346618,3.774867715,8.890599265
"DDX39B",10.9462723,12.31749227,8.154028797,11.29667641,10.38627025,10.78897513,8.246928875,11.09146057,8.329163495,10.76577357,11.37027649,11.74709656,9.901056477,11.66838839,11.90546697,10.37305945,11.7401836
"SCD",10.72761423,7.336883155,11.93754836,11.9415952,11.39406505,7.993944528,12.09157826,12.72825591,12.94164098,8.57565179,5.468080873,5.375698591,6.769250054,10.33540065,10.60099133,4.482843201,5.604820669
"ARNT2",4.397425271,4.047386193,4.619797676,4.82836248,4.473400218,9.736328608,4.558677474,4.223995016,4.572923787,11.40102209,4.498452631,4.517697909,4.23480956,4.3134327,4.173033537,4.89422251,4.272710441
"CXCL1",3.802240492,3.67595718,5.315115626,4.892777763,4.525944323,12.68870051,12.75486632,3.991640503,4.229143988,10.21716625,4.587297496,3.725585245,4.339556758,3.966016474,3.843727429,4.036577181,3.606065385
"ADA",7.351766438,6.742903386,11.57187085,7.45431237,6.754739126,11.88352827,10.11851609,9.314231843,6.765474186,12.91716304,9.204745999,6.847656909,9.768147111,9.974692068,8.723310586,3.982980294,8.262965459
"LTBP2",5.335269765,4.917236934,5.984270602,5.578843914,6.054174508,6.177510188,5.756083121,5.863263738,5.735568846,10.22812589,5.03398141,5.490600234,5.861050762,5.629135048,5.013976205,5.51359157,5.30289256
"SRPX",3.057560104,3.160487306,3.526685647,3.906833348,3.80916628,3.703322205,4.499904092,10.30444513,5.648900438,3.706619506,3.938637894,3.245900916,3.673744841,3.377406634,3.21764551,3.363284344,3.026367676
"S100A12",3.293610007,3.346723301,4.036605408,3.776012876,4.386852417,10.63901443,4.163613069,4.239255308,4.038204526,12.22276242,4.012182343,3.521242354,3.893547086,3.806545739,3.769453672,3.823807058,3.391969417
"ADORA3",3.370899178,3.105687547,4.658537279,3.276927544,4.45479286,4.082505575,6.503421987,12.19203077,5.033620831,7.863616543,3.933611449,3.54598925,3.638894176,3.534121008,3.2982767,3.907862359,3.323226632
"CCR2",8.024747056,3.470363881,4.459677991,4.166574333,4.804607916,5.9463865,4.297738859,3.816657301,4.650648584,11.75025839,4.889927978,4.004682722,5.511751509,9.503431794,4.553516634,4.925598608,4.236265185
"TSC22D3",8.060383644,13.01869519,8.640879716,7.58683524,8.708288404,8.519777309,7.093743404,12.24015036,8.796296811,10.89694068,11.72025424,12.06509997,12.56264081,9.063129276,8.415038904,9.715260256,12.32054962
"ADGRE1",3.886050665,3.946137871,4.620882847,4.303643099,4.961886138,9.858109673,5.483577139,4.814362524,4.589444515,10.1060592,6.61632169,4.954818472,4.835632498,6.724016578,5.01634828,4.910332706,3.987097532
"CASP5",4.155416075,4.118458312,4.3344272,4.637745994,5.38045276,7.975006768,5.898975049,4.742913022,4.582714729,9.882888256,4.856505085,4.268452746,4.559856353,4.392233018,4.369114344,4.487009434,4.057793409
"ST7",6.184272198,4.130054514,7.809532935,7.233292102,7.607674402,4.60765301,8.351304955,7.805849981,8.614916946,4.719597768,3.572712078,3.890486091,5.79013778,6.735557686,6.746708858,4.676548933,5.673509491
"FGR",7.088512963,9.810564749,10.93111215,4.677475191,11.83278419,11.88211346,12.04198886,12.24089039,12.2408153,9.967298764,6.590276574,3.303520041,11.30761754,5.953167661,5.345878488,3.819782317,10.47781977
"VAT1",8.066859462,7.752446451,11.33018689,9.661935041,11.1942385,9.378285333,10.98655777,11.98484959,11.51477263,8.946054793,8.639657696,6.964309738,8.423794632,8.012307719,7.723875659,6.419362014,7.724431284
"BANF1",9.772587655,9.646218754,7.521371312,10.38205461,10.48198635,9.507722777,7.844019679,10.3916666,7.970047858,9.704106743,9.473042462,9.504609107,8.972658153,10.53343353,10.52804982,10.78768192,9.107498038
"YWHAE",12.51116428,10.85826036,8.671290014,10.37005343,9.79176122,10.69691429,9.276309835,10.52325195,8.394923737,10.24307355,9.086099099,10.94855172,7.436059652,10.41095821,10.54862472,12.18308446,10.77930283
"PGA3",4.537556058,4.327934471,4.908433556,4.891746209,5.15000477,5.201993251,5.109040383,4.880602109,5.153962376,9.179557945,4.816146494,4.87201058,4.523869849,4.935059043,4.836065811,5.184133683,4.889396936
"HMGN5",6.7535635,4.859531,5.690384,4.402861,5.172603,4.290114,7.0146005,6.046495,6.6847955,11.519435,5.616235,4.868986,5.8693815,6.68042,6.567609,4.562502,4.466963
"WASF2",9.42801,8.85945,8.566417,7.180548,6.707466,6.4369735,8.9587605,5.613545,10.258295,8.1183505,5.4262405,10.88573,10.189105,5.538965,6.177243,10.65969,11.154895
"CD163L1",4.6412365,4.579386,5.033712,5.085917,5.601411,5.796914,6.1385825,5.446015,5.354956,10.853785,4.9866255,4.591864,4.7244345,5.123107,4.783415,4.792213,4.296695
"VSIR",8.001324,7.245206,7.077588,5.108079,7.143822,5.512951,5.7931185,5.372913,5.7051455,9.971699,7.3504915,9.895195,7.8855945,6.416475,7.232785,10.253975,9.5617545
"LOC100287497",7.1685775,8.591446,3.420246,5.050467,3.822106,4.519749,2.9670005,7.010751,3.0592745,5.946283,5.6403025,7.897919,4.969448,5.586363,5.994587,5.5165005,8.056348
"C3orf70",3.166221,3.01284,3.206636,5.700178,3.06377,3.695788,3.5939695,3.133581,3.5177405,10.5752,3.885514,3.077986,3.603422,3.229899,3.188726,3.2408955,2.980362
"A2M",5.327044603,4.416191425,12.93331643,11.78863674,13.56383926,5.403163294,12.70173991,10.49738491,12.91490174,7.04516604,5.106927148,6.048393993,4.531130872,4.812010648,4.365963437,5.08897405,9.648709374
"ITGB8",2.587575575,2.665083556,10.95325363,3.237250495,2.956589951,11.19795364,9.377383594,2.655219561,8.847482474,4.020397625,2.290896149,2.408192845,2.904500897,2.356853604,2.655185119,2.673908215,2.290303051
"SPARC",4.519995181,4.162364988,10.65280218,5.294534868,11.53284495,4.197133602,10.40400465,6.198925324,10.50495679,4.216756952,2.982331887,3.825853764,3.99935974,3.327155719,3.382282731,4.190109336,3.711725689
"PKM",11.26090824,8.958032564,9.408490026,11.25146168,12.52491896,12.68138797,9.594461891,11.53584623,9.568813104,10.80890299,7.307456514,9.056880298,7.482166087,12.27925579,11.02984989,12.28086158,8.936116077
"NFKBIA",10.16974527,11.63343137,12.81957062,10.58594363,10.49207402,14.0564862,13.414538,12.27484627,11.28808348,11.62375183,11.03448975,10.60545797,12.44538767,11.98089685,11.54773044,12.21221313,11.09763872
"PSME2",13.1795675,11.40903188,12.2754643,11.52472777,13.11248231,13.14172219,11.55806643,9.889254247,11.11390163,9.948598392,10.83198436,11.78467444,11.64768121,12.37989341,11.82321796,11.72738471,11.74579194
"CDK2AP1",8.890164474,9.210159744,11.44214551,11.68195102,11.15761123,7.632564038,11.43670608,10.46082949,11.35515846,10.87248586,7.304396117,6.387813677,9.281814593,10.20266117,10.89234389,7.50732521,7.969824404
"DHRS3",5.822378443,3.915242567,8.70562549,8.474243985,9.2772972,5.824095471,9.698465971,9.092627039,9.13502661,5.429635777,8.845435706,8.363365641,9.26122917,8.768570063,8.616866248,7.438022443,7.81685673
"PRKACB",9.178361673,10.50789029,7.635014289,9.032157034,11.29513552,5.362622904,11.32224621,10.58147291,11.29032659,8.555726846,11.47714523,10.6554317,11.93027148,10.19569472,10.49352619,8.735292008,10.69832542
"IVD",7.316910091,7.162757261,7.193902898,7.956324263,8.870637601,5.009584972,7.610014632,7.981625946,7.366549161,5.980118366,6.760713041,7.33402017,6.424235161,7.666609351,8.117986927,6.437428167,7.277431085
"PBX3",8.570074171,8.710107279,8.802661235,7.988587327,9.307517795,6.034257228,10.71467226,9.661784311,10.44503807,9.116181079,9.012614624,8.25869429,8.161336358,7.184471552,8.048049212,6.398234911,7.623564676
"IL2RG",10.68650598,10.92016601,8.126591916,5.392738391,11.34540061,11.56441289,7.475814918,8.429266114,7.927070388,8.957738745,10.32795399,11.78438648,10.61077605,12.15918825,11.96027892,12.883145,12.36567561
"TYMP",5.137648637,4.727932159,9.732459112,6.61959347,10.98062584,11.91239634,8.229277917,9.296782031,8.374408658,10.79744734,5.200937283,5.626918502,6.111245424,7.536368643,6.38747662,6.658541239,5.450132924
"IL1B",4.58976025,4.362347869,9.481822837,5.898686679,7.863529259,14.29692239,13.67364904,6.53479258,7.140464455,10.49550022,6.438231864,4.496489962,6.971713085,5.95033216,5.860890082,5.236579605,4.411578054
"CSF2RB",10.67828012,8.826945155,11.27284824,3.591574447,12.0215889,12.88422813,9.262682809,9.812443563,11.04263935,11.8223209,5.411577729,3.117416997,8.357570046,7.302309452,8.424138711,6.77637525,2.982920089
"KITLG",2.488090046,2.429142686,3.219493067,9.025346325,3.580554227,4.533184357,9.882592623,3.867698256,4.764026308,3.970049115,3.779650729,2.578029222,3.514469326,3.224591128,4.168647835,2.70674803,2.523976622
"ACOT7",7.851722712,5.665045177,10.30211565,9.456417838,10.76935139,5.623253779,9.103666745,6.953224234,11.05913526,5.930732862,5.932970576,5.916415009,7.879621334,10.20113492,9.106844576,6.786649794,6.651839705
"IFNB1",3.63322464,3.578129345,3.97172043,3.951143942,4.072099798,4.696731238,10.08320247,4.056269637,4.580533215,3.689146116,3.831853642,3.605465719,3.856684867,4.043099658,3.820213314,4.305980136,3.645124401
"NCAPH",8.06988194,3.691806318,5.786626432,9.201920495,11.78827162,5.909443503,9.663150925,5.81959461,11.29601612,5.471078327,5.511509164,3.654778504,5.123029327,9.99003961,9.243436879,4.698411408,4.593831761
"GCSH",8.692398593,5.862560104,7.213118844,11.26292737,8.647788783,4.532526629,9.502753232,8.149849332,9.373744995,6.506604275,7.207486506,7.129488893,7.965296734,8.804779351,7.885788025,5.472602016,6.606792397
"OSR2",4.472774807,4.769139655,3.909529989,5.967158259,3.947406957,4.543872169,8.118985791,3.894384143,4.097340347,4.169249312,4.349678256,5.017517044,4.112720929,3.840582191,4.003583648,5.094638411,4.533656557
"CNIH3",3.341279749,3.590700876,7.572497645,3.429319777,8.925714655,3.36866538,8.797019275,3.803581297,8.712751802,3.269346411,3.07073375,3.449444739,3.392697363,3.411640667,3.344322189,3.866888866,3.172863083
"GALNT12",4.166484738,6.027818881,9.488494166,4.037611149,11.31833279,3.147056174,10.45520851,4.193918813,11.49191368,3.600212241,6.899799162,5.756605183,6.676878469,5.626197984,3.669627643,3.418487107,5.121060265
"FAIM",8.9033185,7.402062,9.888643,8.731164,9.799401,3.814283,10.68872,5.723982,10.37378,6.0855435,5.453575,6.742337,8.1029485,6.713394,6.087065,5.654988,6.5942545
"TMEM117",5.5840895,7.221127,7.587132,7.552955,9.308749,4.3457715,8.4852455,7.712364,8.8688195,6.383785,5.073164,4.80023,5.917782,4.87152,4.331511,4.5291535,5.079071
"SLC39A10",7.4078525,9.030533,8.173205,9.138022,9.921023,3.9977385,9.5135915,8.321563,8.827209,9.382372,8.314214,7.883022,9.204979,8.096436,8.245544,7.6128315,7.7163975
"TRNP1",3.0244745,3.160699,3.915955,8.772744,3.755133,4.2103295,7.237297,3.748325,3.7426065,4.082148,3.904975,2.957619,3.878842,3.84651,3.721121,3.362676,2.913984
"GALM",4.778105,6.774755,8.124917,8.11771,10.7349,5.1500335,10.762355,8.664698,10.73945,5.3198355,6.4562725,5.112627,6.5739065,10.71137,9.029111,4.526381,7.2591825
"ANKRD22",3.607763,3.379712,3.829492,3.720433,9.259545,12.712765,5.027924,3.989362,4.405489,5.605501,4.301632,3.736228,3.823744,4.153606,4.031011,3.9570965,3.471593
"ACOD1",3.5943195,3.626351,4.314027,4.227637,5.854722,13.53589,12.930845,4.545266,4.1924425,5.0503195,4.758767,3.734359,4.0781355,4.501947,4.060301,3.8876315,3.7477335
"MTBP",8.619010946,4.718283306,4.242826801,4.468729731,4.192052727,4.516940569,4.452783968,4.138864393,4.218739455,3.859107383,4.278106226,6.68590514,4.076568761,4.52000162,4.179739329,6.676346533,6.118217699
"RABGAP1L",5.705189049,10.14012038,9.704930507,7.362726347,7.726872121,5.074471939,7.874894959,8.094705578,8.026700852,7.847278295,8.835703094,7.051932719,8.965943375,8.304899432,7.439190867,5.412797272,8.104131229
"CHD6",5.697021327,9.721928769,7.286395601,6.649080186,5.592481874,4.436240524,5.809467634,6.651597053,5.947007553,6.418331754,7.797984163,6.608540941,8.009324115,6.365524262,7.371133877,4.68311072,7.038123308
"BIRC5",11.93204106,4.824816892,4.738194234,10.68115221,6.079457725,5.070359493,8.394055218,4.965878878,5.09714839,4.489617878,5.010116804,4.454697752,5.795398925,10.90388956,10.38724636,5.266001829,5.604064991
"EME2",7.828813286,10.99921282,7.886449204,6.960779438,6.416687839,6.609246303,7.069981272,7.688932048,6.889778386,7.445601989,6.709195615,9.04023464,7.155870898,6.96376059,7.507285478,5.857358261,9.123795345
"RBMX",9.462892153,11.83213626,8.731733913,10.30824954,8.171212066,8.414565531,8.545019465,9.893609348,8.697268854,10.31725057,11.18035451,10.6173169,10.88430638,10.64169943,11.14828157,8.960726105,10.41189353
"TMEM267",6.642812686,10.01540613,8.163944305,8.737720664,6.851042311,4.367802868,8.063413733,7.156765711,8.136985879,7.165817404,7.804958208,6.597873634,7.983591294,8.574725125,8.428225506,7.340316192,7.243214094
"TAF11",9.247223951,11.9144308,9.173015181,9.197776756,7.355150207,7.561948536,8.697356268,8.764729207,9.051821792,9.491157812,9.683346117,9.5435161,9.123562362,9.069137009,9.622852006,9.292715229,10.11266479
"TPM4",13.37856693,8.281841685,9.894738583,9.32139334,9.071608932,9.557372485,10.80187591,8.08024816,9.106394317,9.269471995,6.039916437,9.90413596,8.238022666,10.11380661,9.323682537,12.40681906,10.89536056
"AKT2",9.973314737,5.635500293,5.158391394,5.404052964,5.775601298,6.072150944,5.238043793,5.327500681,5.505451526,5.915169489,4.796710157,10.76382043,5.863013771,5.392996234,5.610986692,11.28450407,10.4436807
"EMSY",8.612117755,5.949271291,5.318034147,5.526723239,5.934564317,5.513346187,5.76890635,5.949160277,5.821011782,5.466752474,5.861628198,8.4583701,5.532992004,5.881435877,5.855445517,8.344116073,8.381720304
"HSBP1",11.2820391,7.746940879,10.37963428,11.10459646,10.3637608,10.54592643,10.76843555,10.48953969,10.75960902,10.92855205,7.378493096,8.462253047,9.062664763,10.03455637,10.01548647,10.12677886,8.278454695
"USP7",7.806776791,11.79970797,4.589788084,4.901493983,5.49829552,4.957716057,4.460326572,5.431362158,5.099475822,5.697920991,5.492003395,9.827051017,5.827803771,5.523221378,5.10201821,8.264064224,9.605697797
"RRM2",13.1318236,4.102329589,4.528014264,12.22371713,8.349136086,5.098101593,10.96314382,4.299725564,4.906128214,5.512673432,4.960185588,4.552802806,7.877079394,13.26605792,12.35424672,5.215330397,7.985973742
"CD2BP2",10.95384554,7.834084535,8.977243987,8.506185108,9.094333523,9.37168764,8.949443972,8.662189492,9.070692924,9.356886988,7.466963579,8.447998486,8.704337079,9.244498884,9.3818222,10.02728523,9.001539276
"SEM1",12.57759795,9.436664984,10.14141635,10.77666503,9.879568062,10.56028595,10.40565102,10.12043194,10.42226515,10.18467058,9.717484705,10.35136477,9.723062706,10.65118099,10.52295948,11.85537626,10.30377686
"POLR2A",8.838849736,4.035321997,4.101281613,4.296040863,3.989252938,4.997993171,4.091249226,3.573088854,4.468457844,4.456489659,3.729153538,8.854971928,4.368672104,3.982407719,3.826087086,9.059744735,8.775105376
"CCNA2",10.52121298,3.903592377,3.714554268,9.8235666,5.483434361,4.86339546,7.830105728,4.126980147,4.103197987,4.219183224,4.60828655,5.181313239,4.364798006,10.477864,9.536670399,4.91046264,5.470854156
"SPC25",9.928307674,3.043842357,3.129493951,8.425927735,3.462673405,2.931571092,6.829140241,2.95486967,2.920677713,2.959615091,2.872720723,2.862516948,3.641032626,8.727261181,8.193303829,3.311229341,3.22428761
"MKI67",12.32794738,4.278149687,4.424155427,9.013159745,6.022784334,5.17434821,7.777550428,4.400010224,5.100036941,4.453360576,4.319354523,5.047317113,5.38153597,10.41599556,9.668383251,5.787940255,6.387366823
"ANGEL2",6.886559101,10.40348869,8.202302219,8.625936312,7.307020369,7.160995808,7.677422499,8.363204995,7.94671485,9.07796653,9.898948529,8.044830114,9.099074431,8.786191705,9.426067065,7.204297147,9.209232164
"ENY2",12.74966834,9.601147808,10.0980974,10.96283568,9.74336259,10.11272302,10.46871453,10.32254328,10.32763979,10.82100593,9.192309894,10.37583996,10.33696409,10.68851192,10.54831917,11.93456392,10.64068964
"KIF18B",9.9417505,3.870812,4.617485,9.165308,5.414832,4.709507,7.7617115,4.688022,4.322971,4.749017,4.7566635,3.691338,5.8811985,9.311873,9.703814,4.261613,3.7806925
"MND1",11.06821,3.969511,3.317308,8.205933,3.932934,3.4245205,5.075835,3.088032,3.51028,3.553339,3.23467,4.073621,3.93059,8.908365,7.769544,4.5854285,4.6854435
"CDCA5",11.46008,5.252381,5.837791,9.530578,6.042142,5.6028665,7.770723,5.557632,5.968228,6.1238975,5.424379,4.651102,6.3582965,10.73986,10.04757,4.581552,6.0844425
"DNAJC19",11.37828,7.685386,8.646072,9.436775,8.315248,7.033999,8.910521,8.630615,8.8367775,8.5261785,8.8124205,10.9945,8.931186,9.681357,9.054098,11.58955,10.3017
"GRPEL2",8.7522515,3.271095,3.823967,4.483978,4.738752,4.4090735,4.009419,4.349036,3.951913,3.8289815,4.56431,8.552646,4.5072055,5.195712,4.772701,9.988397,7.771699
"LRCH3",8.526322224,7.475383858,3.325396377,3.134241822,3.068190397,2.99943157,3.159674426,3.063725856,2.978178154,2.901903239,3.004135036,10.21837755,3.026590895,3.601867743,3.229802929,9.513208518,10.30546914
"MS4A4A",4.019446432,2.709989824,12.19231151,2.717564437,10.32620679,3.495956933,11.83222157,13.30670548,11.20926358,12.23014931,2.783905501,2.731898623,2.820918476,2.663770387,2.583941313,3.048994297,2.636038824
"TMEM144",2.830957001,2.658880875,9.015008884,6.96540671,9.141744042,5.214905088,9.567238979,7.596777497,8.664388448,7.101691395,3.397829522,2.940672351,3.469205605,3.294299297,3.313033687,3.05654628,2.677514463
"DOCK4",3.68240089,3.881113741,10.39683732,8.935144797,9.946316174,11.85102876,9.872862986,10.22144894,9.581830762,11.72063987,3.543726118,3.316185454,3.762507399,3.138327379,3.076054701,3.406944185,3.103893217
"FCRL2",9.611749245,11.34151957,5.804270919,4.625113351,4.512669614,5.550880866,4.561473563,4.568784959,4.470044687,5.549658307,5.949656018,4.792114529,5.832192565,4.473628891,4.637145563,4.434086354,4.714992616
"TYROBP",6.464760573,5.578694398,13.00772499,4.252715781,13.20733341,12.44487254,13.25517871,12.96330381,13.12592941,13.38018941,4.299301244,5.858542926,12.44986417,4.99860565,5.347282589,6.992776573,7.752717796
"MRC1",4.710753185,4.803299657,12.91225367,4.103001901,12.68415063,7.089942852,11.19207556,13.59633478,13.14289232,12.04206068,4.833091528,4.84122891,4.832624576,4.364454168,4.311518755,5.227138345,4.739290202
"MMP19",2.592544047,2.636076784,9.97041362,4.688447074,9.325133837,9.427293639,10.30800817,8.917149129,7.758259154,8.367801868,4.782562195,2.908266247,3.930665042,3.922426678,3.9264044,3.009269429,2.674230332
"AQP9",3.239171673,3.102063975,12.3259663,4.68483172,11.89268054,12.55667586,12.03094571,11.01633631,12.04223962,10.27245849,5.850555732,3.047956092,5.337326333,4.321035319,4.823818955,3.517306102,2.922698847
"ALDH1A2",3.726443571,4.130596461,11.83334642,4.444157817,11.17689547,5.229219917,9.135905078,4.682863439,11.67975177,7.935125276,5.08464806,3.920795623,4.813235327,4.323186924,4.532557149,4.180789116,3.822633499
"CDC5L",11.28019295,10.62046611,7.543826979,7.380975467,6.922977611,7.877832395,7.985204834,7.053385391,7.740120892,7.1641282,6.780174611,11.67851843,7.289268643,6.688302523,7.350610843,10.74484782,11.75699738
"CCL18",4.662098059,4.406762859,11.7005209,4.840794908,7.336075949,8.977089352,9.144030395,14.35554133,13.19720228,9.703078523,5.211282166,4.511432362,5.31973396,5.490474522,5.375219381,4.686255666,4.475159451
"SH2D1A",4.29300558,3.738934438,4.77655151,4.154922522,4.893909963,4.160014407,4.914071315,3.779897233,4.26513883,4.86952698,8.798197762,9.536558454,10.6828879,10.81190668,9.530823511,9.037737577,10.78360872
"TRBC1",6.887014144,6.58999527,6.225800375,5.508213616,8.643993809,6.131137304,7.280183241,5.501254817,5.918185664,8.089924846,12.96471566,12.52747127,12.0885564,12.51845477,12.67419909,12.65894773,12.63650418
"ITK",4.17788758,4.273842761,4.731718608,4.175868344,8.14931072,5.305549315,5.891923723,4.073800225,4.034271376,6.943538031,12.48259954,11.94757956,11.50435752,11.52036821,12.06495293,10.97744416,11.62600355
"IL23A",10.81898712,10.08617397,5.775783548,3.961064981,8.369186625,5.485480662,6.879889966,4.227119711,4.079654236,7.926561706,12.75766416,13.17728656,12.24887332,12.47323103,12.80476314,13.46952078,13.29462078
"SDC2",3.382595402,3.245412609,12.76924038,10.7046715,11.94223654,9.553206127,12.47499347,11.2579734,12.75730127,12.80661942,3.684006227,3.13512987,3.755069768,3.641450413,3.652106633,3.441089003,3.030007002
"CD3D",5.536458316,4.829903297,6.128131135,6.099940019,8.422040264,6.569188796,6.966392897,6.00205971,6.033117979,6.8142406,12.10978309,11.93167223,7.906783925,12.19221234,12.45269106,12.20496574,12.20828913
"FPR3",3.687570766,3.459742061,9.721362838,3.796476148,9.152524374,9.437745064,10.85022819,11.54218383,10.6583061,11.87901284,4.446157227,3.632818163,4.156430268,3.866565486,3.949987115,4.22752323,3.468227886
"SLC15A3",6.086768873,7.471002119,10.55623648,5.698025687,12.74408131,11.31260092,10.84587177,11.20534554,11.25219791,9.821280091,6.664614799,5.144976662,5.773347709,5.902029275,5.770132387,5.302354639,4.923694579
"TREM2",5.601764509,4.960747823,10.24552292,5.964149526,11.83987561,6.873914537,11.84945417,10.70616815,12.10308033,6.778180481,6.028833495,5.444472865,5.906703095,6.168677394,6.063016842,5.932063552,5.299944606
"SHTN1",3.6113265,3.615369,10.06476,9.237673,9.758324,8.754103,11.464615,10.10979,11.45658,10.536785,3.8196625,3.393963,3.8609265,3.514629,3.49823,3.823557,3.261063
